rank,name,name_ascii,institution,country,arxiv_rank,openalex_rank,zbmath_rank,arxiv_papers,openalex_works,openalex_citations,zbmath_papers,overall_h_index,h_index_source,first_active_year,last_active_year,birth_year,doctoral_advisor,orcid,wikidata_id
1,Andrew Granville,Andrew Granville,Université de Montréal,CA,,,,,3,46,,32,openalex,1999,2007,,,,
2,Joseph H. Silverman,Joseph H. Silverman,Brown University,US,56,52,139,4,8,275,,56,openalex,1984,2019,,,,
3,David Masser,David Masser,University of Basel,CH,,,,2,4,28,,29,openalex,2002,2023,,,,
4,Kálmán Győry,Kalman Gyory,University of Debrecen,HU,26,5,8,6,25,259,,24,openalex,1988,2024,,,,
5,Paul Vojta,Paul Vojta,"University of California, Berkeley",US,37,128,77,3,5,103,,18,openalex,1998,2025,,,,
6,Umberto Zannier,Umberto Zannier,Scuola Normale Superiore,IT,15,7,6,5,19,195,,33,openalex,1993,2026,,,,
7,Cameron L. Stewart,Cameron L. Stewart,University of Waterloo,CA,55,24,27,3,10,174,,20,openalex,1988,2021,,,,
8,Joseph Oesterlé,Joseph Oesterle,Sorbonne University,FR,,,,,,,,4,openalex,,,,,,
9,Jan-Hendrik Evertse,Jan-Hendrik Evertse,Leiden University,NL,64,16,2,3,13,125,,23,openalex,1988,2022,,,,
10,Yann Bugeaud,Yann Bugeaud,University of Strasbourg,FR,,57,3,1,7,573,,,,1998,1998,,,,
11,M. Ram Murty,M. Ram Murty,Queen's University,CA,,25,,,9,59,,25,openalex,2002,2026,,,,
12,Michael A. Bennett,Michael A. Bennett,University of British Columbia,CA,12,11,37,7,13,89,,20,openalex,2005,2025,,,,
13,R. Tijdeman,R. Tijdeman,Leiden University,NL,,144,82,1,4,480,,,,1988,2016,,,,
14,R. C. Mason,R. C. Mason,"Gonville and Caius College, University of Cambridge",GB,,,,,3,45,,10,openalex,,,,,,
15,Noam D. Elkies,Noam D. Elkies,Harvard University,US,,,,,,,,22,openalex,1991,1991,,,,
16,Michel Waldschmidt,Michel Waldschmidt,Sorbonne University,FR,19,37,70,4,9,44,,23,openalex,1996,2014,,,,
17,Barry Mazur,Barry Mazur,Harvard University,US,,,,,,,,48,openalex,,,,,,
18,Enrico Bombieri,Enrico Bombieri,Institute for Advanced Study,US,,155,75,,5,108,,42,openalex,1991,2001,,,,
19,Andrew Wiles,Andrew Wiles,University of Oxford,GB,,,,,,,,20,openalex,,,,,,
20,Gerd Faltings,Gerd Faltings,Max Planck Institute for Mathematics,DE,,,,,,,,30,openalex,,,,,,
21,Jean-Pierre Serre,Jean-Pierre Serre,Collège de France,FR,,,,,,,,61,openalex,,,,,,
22,Wolfgang M. Schmidt,Wolfgang M. Schmidt,University of Colorado Boulder,US,,140,16,,6,349,,,,1991,1991,,,,
23,Pietro Corvaja,Pietro Corvaja,University of Udine,IT,59,20,7,3,9,157,,21,openalex,2005,2026,,,,
24,Walter Gubler,Walter Gubler,University of Regensburg,DE,,,,,3,99,,15,openalex,2001,2001,,,,
25,István Gaál,Istvan Gaal,University of Debrecen,HU,3,6,42,8,23,126,,19,openalex,2001,2020,,,,
26,Hector Pasten,Hector Pasten,Pontifical Catholic University of Chile,CL,1,8,53,13,16,64,,8,openalex,2013,2026,,,,
27,T. N. Shorey,T. N. Shorey,National Institute of Advanced Studies,IN,,46,161,2,8,460,,,,1996,2019,,,,
28,Shinichi Mochizuki,Shinichi Mochizuki,Kyoto University,JP,,51,,,6,43,,20,people_csv,2010,2022,,,,
29,Marc Hindry,Marc Hindry,Université Paris Cité,FR,,,,,1,1,,10,openalex,,,,,,
30,Harold M. Stark,Harold M. Stark,"University of California, San Diego",US,,,,,,,,7,openalex,,,,,,
31,Gerhard Frey,Gerhard Frey,University of Duisburg-Essen,DE,,,,,1,0,,18,openalex,2020,2020,,,,
32,Igor E. Shparlinski,Igor E. Shparlinski,University of New South Wales,AU,23,12,102,6,12,36,,42,openalex,2005,2025,,,,
33,Kunrui Yu,Kunrui Yu,Hong Kong University of Science and Technology,HK,,,141,,2,75,,10,openalex,1991,2006,,,,
34,Juliusz Brzeziński,Juliusz Brzezinski,Chalmers University of Technology,SE,,,,,2,50,,10,openalex,1994,1994,,,,
35,Henri Darmon,Henri Darmon,McGill University,CA,,,,,,,,29,openalex,,,,,,
36,Preda Mihăilescu,Preda Mihailescu,University of Göttingen,DE,,,,1,1,1,,13,openalex,,,,,,
37,Carl Pomerance,Carl Pomerance,Dartmouth College,US,,,,1,3,137,,39,openalex,2010,2025,,,,
38,Samir Siksek,Samir Siksek,University of Warwick,GB,30,17,,5,10,576,,20,openalex,2016,2024,,,,
39,Don Zagier,Don Zagier,Max Planck Institute for Mathematics,DE,,,,,,,,59,openalex,,,,,,
40,Dorian Goldfeld,Dorian Goldfeld,Columbia University,US,,,,,1,16,,24,openalex,2002,2002,,,,
41,Hendrik W. Lenstra,Hendrik W. Lenstra,Leiden University,NL,,,,,,,,41,openalex,,,,,,
42,Władysław Narkiewicz,Wladyslaw Narkiewicz,University of Wrocław,PL,,,,,,,,18,openalex,,,,,,
43,Paulo Ribenboim,Paulo Ribenboim,Queen's University,CA,,,,,5,2,,29,openalex,2001,2001,,,,
44,Michael Stoll,Michael Stoll,University of Bayreuth,DE,,,,,,,,25,openalex,,,,,,
45,Thomas J. Tucker,Thomas J. Tucker,University of Rochester,US,43,143,160,4,4,40,,20,openalex,1999,2018,,,,
46,Abderrahmane Nitaj,Abderrahmane Nitaj,University of Caen Normandy,FR,,,,,1,10,,14,openalex,1993,1999,,,,
47,Machiel van Frankenhuijsen,Machiel van Frankenhuijsen,Utah Valley University,US,,53,133,1,8,58,,8,openalex,1999,2021,,,,
48,Amos Turchet,Amos Turchet,Roma Tre University,IT,9,19,,5,8,34,,4,openalex,2013,2026,,,,
49,W. Dale Brownawell,W. Dale Brownawell,Pennsylvania State University,US,,,,,,,,14,openalex,,,,,,
50,Hester Graves,Hester Graves,IDA Center for Computing Sciences,US,,,,2,2,31,,4,openalex,2013,2025,,,,
51,Gérald Tenenbaum,Gerald Tenenbaum,Institut Élie Cartan de Lorraine,FR,,,,,2,25,,30,openalex,2013,2014,,,,
52,José Felipe Voloch,Jose Felipe Voloch,University of Canterbury,NZ,,,,1,3,34,,24,openalex,1999,2000,,,,
53,Benne de Weger,Benne de Weger,Eindhoven University of Technology,NL,,,,,7,181,,14,openalex,1997,1998,,,,
54,Ingrid Vukusic,Ingrid Vukusic,University of Waterloo,CA,5,40,,4,5,2,,2,openalex,2022,2025,,,,
55,Greg Martin,Greg Martin,University of British Columbia,CA,,,,2,2,24,,16,openalex,2014,2016,,,,
56,Maurice Mignotte,Maurice Mignotte,University of Strasbourg,FR,,105,48,1,5,544,,,,,,,,,
57,Richard Taylor,Richard Taylor,Stanford University,US,,,,,,,,44,openalex,,,,,,
58,Katsutoshi Yamanoi,Katsutoshi Yamanoi,Osaka University,JP,,,,,2,6,,9,openalex,2003,2006,,,,
59,Yuri F. Bilu,Yuri F. Bilu,University of Bordeaux,FR,,142,93,2,4,138,,17,openalex,2026,2026,,,,
60,Shanta Laishram,Shanta Laishram,"Indian Statistical Institute, Delhi Centre",IN,,,,1,3,20,,11,openalex,2011,2016,,,,
61,Ariyan Javanpeykar,Ariyan Javanpeykar,Radboud University Nijmegen,NL,10,36,,6,7,43,,11,openalex,2013,2026,,,,
62,K. Soundararajan,K. Soundararajan,Stanford University,US,63,60,,3,6,22,,33,openalex,2006,2019,,,,
63,Henri Cohen,Henri Cohen,University of Bordeaux,FR,,,,,1,2,,30,openalex,,,,,,
64,Michel Langevin,Michel Langevin,University of Bordeaux,FR,,,,,,,,26,openalex,1999,1999,,,,
65,Sergey Konyagin,Sergey Konyagin,Steklov Mathematical Institute,RU,,,,1,3,21,,28,openalex,1998,2006,,,,
66,Jordan S. Ellenberg,Jordan S. Ellenberg,University of Wisconsin-Madison,US,,,,1,2,5,,24,openalex,1999,2000,,,,
67,Gisbert Wüstholz,Gisbert Wustholz,ETH Zurich,CH,,,,,1,27,,16,openalex,2002,2002,,,,
68,J. Noguchi,J. Noguchi,The University of Tokyo,JP,,,,1,4,21,,20,people_csv,2002,2013,,,,
69,Ruiwen Dong,Ruiwen Dong,University of Oxford,GB,14,,,4,,,,,,2024,2026,,,,
70,Julie Tzu-Yueh Wang,Julie Tzu-Yueh Wang,"Institute of Mathematics, Academia Sinica",TW,,,15,,,,,,,1996,2025,,,,
71,Wade Hindes,Wade Hindes,Texas State University,US,11,63,,7,5,6,,,,2012,2025,,,,
72,Min Ru,Min Ru,University of Houston,US,,87,14,,4,12,,,,2007,2026,,,,
73,Kirti Joshi,Kirti Joshi,University of Arizona,US,25,23,,5,7,0,,7,openalex,2020,2025,,,,
74,Jörg Winkelmann,Jorg Winkelmann,Ruhr University Bochum,DE,,,,1,1,16,,,,2002,2004,,,,
75,Karl Dilcher,Karl Dilcher,Dalhousie University,CA,,,,,2,127,,22,openalex,,,,,,
76,A. Pethö,A. Petho,University of Debrecen,HU,,29,144,,14,223,,16,openalex,1993,2002,,,,
77,Jeffrey C. Lagarias,Jeffrey C. Lagarias,University of Michigan,US,,,,1,2,4,,55,openalex,2009,2009,,,,
78,L. Hajdu,L. Hajdu,University of Debrecen,HU,,96,132,2,5,8,,,,2009,2020,,,,
79,Si Duc Quang,Si Duc Quang,Hanoi National University of Education,VN,,,32,,,,,13,openalex,2022,2022,,,,
80,Doron Shafrir,Doron Shafrir,Ben-Gurion University of the Negev,IL,33,,,3,,,,1,openalex,2025,2026,,,,
81,Aaron Levin,Aaron Levin,Michigan State University,US,28,151,24,6,3,4,,11,openalex,2006,2024,,,,
82,Frits Beukers,Frits Beukers,Utrecht University,NL,,,107,,2,22,,27,openalex,,,,,,
83,Robert F. Tichy,Robert F. Tichy,Graz University of Technology,AT,,106,31,,7,84,,,,1993,2002,,,,
84,E. M. Matveev,E. M. Matveev,Steklov Mathematical Institute,RU,,,95,,,,,,,,,,,,
85,C. Gratton,C. Gratton,-,-,,,,1,,,,,,2012,2012,,,,
86,Wayne Peng,Wayne Peng,National Central University,TW,39,,,3,2,1,,3,openalex,2015,2015,,,,
87,Olivier Robert,Olivier Robert,Université Jean Monnet Saint-Étienne,FR,,,,,2,25,,11,openalex,2013,2014,,,,
88,J. Mueller,J. Mueller,Fordham University,US,,,41,,,,,,,1997,1997,,,,
89,Yuchen Ding,Yuchen Ding,Yangzhou University,CN,,,,,2,16,,8,openalex,2016,2019,,,,
90,David McKinnon,David McKinnon,University of Waterloo,CA,42,,,4,,,,,,2010,2024,,,,
91,Nicole Looper,Nicole Looper,University of Illinois Chicago,US,40,54,,4,5,20,,3,openalex,2016,2021,,,,
92,QiMing Yan,QiMing Yan,Tongji University,CN,,,47,,,,,,,2012,2012,,,,
93,Frédéric Campana,Frederic Campana,University of Lorraine,FR,44,55,,3,6,39,,18,openalex,2004,2026,,,,
94,Yu Yasufuku,Yu Yasufuku,Waseda University,JP,32,123,71,5,4,16,,4,openalex,2010,2026,,,,
95,Prajeet Bajpai,Prajeet Bajpai,University of British Columbia,CA,46,65,,3,4,3,,,,2023,2024,,,,
96,Dan Abramovich,Dan Abramovich,Brown University,US,52,,,4,1,0,,32,openalex,1995,2016,,,,
97,Anthony Várilly-Alvarado,Anthony Varilly-Alvarado,Rice University,US,53,,,3,2,15,,14,openalex,2016,2021,,,,
98,Vesselin Dimitrov,Vesselin Dimitrov,California Institute of Technology,US,38,127,,4,3,56,,,,2016,2025,,,,
99,Andrew Bridy,Andrew Bridy,-,US,54,,,3,2,25,,,,2016,2018,,,,
100,Michael Filaseta,Michael Filaseta,University of South Carolina,US,,,154,,2,13,,16,openalex,1997,1998,,,,
